,title,date,media,URL
0,冬奥会银币再次抽签，熊猫纪念券发行，它们值得预约吗,2021-12-12,檬小宠,https://k.sina.com.cn/article_7461772359_1bcc19c4700100x28t.html
1,新疆：65米长大风筝起飞，喜迎北京冬奥会,2021-12-12,人民微看点,https://k.sina.com.cn/article_7517400647_1c0126e4705901ztq6.html
2,解读冬奥会最激烈的球类项目之一!冰上的极速对抗运动：冰球,2021-12-12,俊丽育儿日记,https://k.sina.com.cn/article_7449160146_1bc0129d200100uzo6.html
3,冬奥日历：速度与力量的协奏曲_手机新浪网,2021-12-12,CGTN,https://news.sina.cn/kx/2021-12-12/detail-ikyamrmy8552108.d.html
4,走近冬奥,2021-12-12,新华社客户端,https://k.sina.com.cn/article_1882481753_7034645902000vivo.html
5,冬奥钞连号发行 预约流程公布_新浪收藏_新浪网,2021-12-12,新浪收藏,https://collection.sina.com.cn/qbtd/2021-12-12/doc-ikyakumx3723736.shtml
6,马克龙力挺北京冬奥后，美国报复来了？法国又一笔巨额订单或被抢,2021-12-12,人民微看点,https://k.sina.com.cn/article_7517400647_1c0126e4705901zt9n.html
7,齐齐哈尔：“燃情冰雪 共迎冬奥”富裕县启动2021-2022年度“赏冰乐雪”系列活动,2021-12-12,人民微看点,https://k.sina.com.cn/article_7517400647_1c0126e4705901ztec.html
8,辛保安董事长赴公司冬奥电力保障服务中心检查_新浪财经_新浪网,2021-12-12,电网头条,https://finance.sina.com.cn/jjxw/2021-12-12/doc-ikyamrmy8517739.shtml
9,志愿冬奥——黄国程：北京奥运的种子在心中扎根,2021-12-12,人民微看点,https://k.sina.com.cn/article_7517400647_1c0126e4705901znmf.html
10,奥林匹克峰会：北京冬奥会将开启全球冬季运动新的时代,2021-12-12,新华社,https://finance.sina.com.cn/jjxw/2021-12-12/doc-ikyamrmy8456471.shtml
11,(走近冬奥)奥林匹克峰会：北京冬奥会将开启全球冬季运动新的时代,2021-12-12,新华社,https://k.sina.com.cn/article_1699432410_654b47da02000w05g.html
12,奥林匹克峰会:北京冬奥将开启全球冬季运动新时代_冰雪_新浪竞技风暴_新浪网,2021-12-12,新华社,https://sports.sina.com.cn/others/winter/2021-12-12/doc-ikyamrmy8454617.shtml
13,美国挑头“抵制”北京冬奥 岛内人士：虚张声势 “民主”笑柄,2021-12-12,媒体滚动,https://finance.sina.com.cn/jjxw/2021-12-12/doc-ikyamrmy8454604.shtml
14,深度｜冬奥列车护航人,2021-12-12,人民微看点,https://k.sina.com.cn/article_7517400647_1c0126e4705901zmyl.html
15,捷报频传！中国空中技巧团体及蔡雪彤先后夺冠，冬奥会再添争金点,2021-12-12,人民微看点,https://k.sina.com.cn/article_7517400647_1c0126e4705901zmyq.html
16,经典动画遇上冬奥吉祥物——电影《我们的冬奥》定档1月15日,2021-12-12,中国小康网,https://k.sina.com.cn/article_2345597047_8bcef877020018hge.html
17,中国驻菲律宾大使馆举办北京冬奥会媒体圣诞沙龙专场活动,2021-12-12,金台资讯,https://k.sina.com.cn/article_6824573189_196c6b905020019iz3.html
